id,first_name,last_name,password,checking,savings,active,overdraft_count
10001,William,Hartnell,4fg56,100,False,True,0
10002,Patrick,Troughton,serf,False,200,True,1
10003,Jon,Pertwee,233!,135,260,True,0
10004,Tom,Baker,ee,10,False,True,0
10005,Peter,Davison,werf345,58,False,False,4
10006,Suresh,Sigera,wergt,63,False,True,0
10007,James,Taylor,#@FG,10,250,True,0
10008,Melvin,Gordon,GD4dS,-35,2567,True,1
10009,Stacey,Abrams,!fiuenrg,False,3452345,True,1
100010,Jake,Paul,wegtr,10000,5,True,0
100011,Dev,Boo,123456,10000,5000,True,0
100012,Devlin,Booth,123456,0,0,True,0
100013,Devlin2,Boo2,12345,600,False,True,0
100014,Blah,Blah,12345,15,30,True,0
